period,gap,n,mean_open_to_close_bps,t,fade_net_bps
2015-2020,big_down,125,-10.175,-0.729,-17.045
2015-2020,down,157,-9.895,-1.292,-16.765
2015-2020,flat,368,-10.125,-2.364,
2015-2020,up,482,-13.432,-3.447,6.562
2015-2020,big_up,354,-5.400,-1.243,-1.470
2021-2024Q1,big_down,100,-3.545,-0.446,-10.415
2021-2024Q1,down,98,4.815,0.657,-2.055
2021-2024Q1,flat,164,-14.806,-2.509,
2021-2024Q1,up,210,-10.524,-2.353,3.654
2021-2024Q1,big_up,232,0.886,0.180,-7.756
2024Q2-2026Q3,big_down,91,7.073,0.976,0.203
2024Q2-2026Q3,down,98,-15.121,-1.820,-21.991
2024Q2-2026Q3,flat,159,-1.231,-0.232,
2024Q2-2026Q3,up,168,-5.886,-1.326,-0.984
2024Q2-2026Q3,big_up,102,-2.879,-0.442,-3.991
