strategy,n_trades,net_bps_per_trade,gross_bps_per_trade,t,win_rate,total_net_pct,period,net_bps_at_stress_cost
"H1 intraday momentum (prev close->09:45 sign, trade 15:00->15:30)",1417,-6.7017,0.1683,-10.8800,0.3627,-94.9624,in-sample 2015-2020,-8.4717
"H1 intraday momentum (prev close->09:45 sign, trade 15:00->15:30)",796,-5.8780,0.9920,-7.2859,0.3731,-46.7887,hold-out 2021-2024Q1,-7.6480
H2a ORB-15 with stop,1408,-2.4729,4.3971,-1.4193,0.4126,-34.8181,in-sample 2015-2020,-4.2429
H2a ORB-15 with stop,793,-3.5202,3.3498,-1.8524,0.4124,-27.9153,hold-out 2021-2024Q1,-5.2902
H2b ORB-30 with stop,1395,-1.2396,5.6304,-0.7066,0.4351,-17.2928,in-sample 2015-2020,-3.0096
H2b ORB-30 with stop,789,-2.5551,4.3149,-1.3525,0.4651,-20.1596,hold-out 2021-2024Q1,-4.3251
H2c ORB-15 no stop,1408,-5.8002,1.0698,-2.4063,0.4766,-81.6673,in-sample 2015-2020,-7.5702
H2c ORB-15 no stop,793,-4.8694,2.0006,-2.1217,0.4868,-38.6146,hold-out 2021-2024Q1,-6.6394
"H3a gap fade |gap|>0.5 sigma, 09:20->15:15",457,-9.3238,-2.4538,-1.7674,0.4179,-42.6100,in-sample 2015-2020,-11.0938
"H3a gap fade |gap|>0.5 sigma, 09:20->15:15",329,-10.8730,-4.0030,-2.6901,0.3799,-35.7722,hold-out 2021-2024Q1,-12.6430
"H3b gap-and-go |gap|>0.5 sigma, 09:20->15:15",457,-4.4162,2.4538,-0.8371,0.4945,-20.1818,in-sample 2015-2020,-6.1862
"H3b gap-and-go |gap|>0.5 sigma, 09:20->15:15",329,-2.8670,4.0030,-0.7093,0.5289,-9.4324,hold-out 2021-2024Q1,-4.6370
