naive_t_gt_2,t_gt_3,max_t
15,2,3.1591909838409893
4,0,2.4133945960146015
17,0,2.774086798966859
19,0,2.7435035215844987
10,0,2.692504859886434
12,0,2.5029886259140683
17,0,2.6504966406911854
17,0,2.6386607559327313
4,0,2.2670101455179847
19,1,3.125019419213413
15,0,2.7784836299639823
13,0,2.8198486133675744
13,0,2.5304354595295333
16,0,2.8091722141789566
13,0,2.492820232182804
12,1,3.0247893616594683
24,0,2.944365156669955
13,0,2.513243413012776
2,0,2.3579940460746136
11,0,2.639863241028823
10,0,2.5972936784572047
4,0,2.47366044611898
47,1,3.086300723569187
5,0,2.671295350795783
32,0,2.8791671012155144
36,1,3.0594444717888236
14,0,2.7431422981099627
6,0,2.1048304285628827
25,3,3.063341650801165
9,0,2.703222777102852
10,0,2.417969691184411
10,0,2.843672946751771
44,1,3.0320919605529246
16,0,2.8549439961127407
11,1,3.73567003402867
14,0,2.8735312554060704
18,0,2.4482648986159834
36,2,3.640241527134492
8,0,2.312984570780884
10,0,2.987491439975557
11,0,2.5352248541682636
20,0,2.7915812895464387
16,0,2.81017909486088
39,1,3.0848190981974586
26,0,2.611491076212417
11,0,2.297960591828532
21,0,2.7910982578043733
10,1,3.207193641474204
34,1,3.1026774537431447
5,0,2.585312800412187
14,0,2.338104631641563
17,2,3.213981635905968
15,1,3.1026414291618134
16,0,2.75997986430212
22,1,3.015053400238995
8,0,2.8593472253872347
8,0,2.518430504118943
13,0,2.497446959260817
44,1,3.292359711981938
24,1,3.193265043615828
8,0,2.7282158754048615
38,2,3.0641794680880063
15,0,2.930609219593706
16,1,3.371750215137958
8,1,3.478429364934322
20,0,2.4952646371672103
57,0,2.9976555261559166
21,0,2.5575653062967194
3,1,3.0174461664885848
49,1,3.7229358535452093
12,0,2.418540740640089
11,0,2.806269920311046
13,0,2.6328841733165036
15,0,2.9712279074869046
24,0,2.458329150502437
26,0,2.5729021264259386
9,0,2.779074830744531
19,0,2.689942091054823
16,0,2.844229500172877
20,0,2.7333111574172686
30,3,3.0936172114972886
40,1,3.222074606198568
4,0,2.272656265544511
6,0,2.3251478720673853
10,0,2.555726975792384
30,0,2.895641770599983
6,0,2.69412868298641
6,0,2.715295050767872
1,0,2.2943538842236064
11,0,2.7471100677533076
35,0,2.615272891960235
27,2,3.3360635212432843
21,0,2.66387903005121
19,0,2.814273839703787
10,0,2.6791901169160233
21,1,3.2766145761145746
11,0,2.680131036196212
13,0,2.8992555108791023
42,5,3.4616566017336345
22,1,3.0901267285230762
