period,segment,mean_bps,t,cum_pct
in-sample 2015-2020,09:15 open print->09:16,-6.879,-10.804,-98.165
in-sample 2015-2020,09:16->09:30,1.417,2.185,20.222
in-sample 2015-2020,09:30->12:00,-3.205,-2.212,-45.729
in-sample 2015-2020,12:00->15:00,-0.335,-0.225,-4.774
in-sample 2015-2020,15:00->15:30,-0.292,-0.475,-4.166
hold-out 2021-2024Q1,09:15 open print->09:16,-3.050,-5.045,-24.278
hold-out 2021-2024Q1,09:16->09:30,-0.099,-0.132,-0.788
hold-out 2021-2024Q1,09:30->12:00,-2.008,-1.410,-15.980
hold-out 2021-2024Q1,12:00->15:00,-1.261,-0.782,-10.037
hold-out 2021-2024Q1,15:00->15:30,1.036,1.285,8.244
