,net_bps
2015-03-20,6.076115160941019
2015-03-26,72.09726765478955
2015-04-17,27.328264256599773
2015-04-24,21.797998848167992
2015-04-27,1.9971252026256294
2015-04-30,-13.356751991147629
2015-05-06,63.67326463359973
2015-05-07,0.007720346504501663
2015-05-12,5.495162689326832
2015-05-14,-7.00778294882762
2015-05-25,2.1808000510144665
2015-05-27,-15.390344668602358
2015-06-02,64.54604717749088
2015-06-03,5.159516884637942
2015-06-04,-1.6065395083833884
2015-06-08,7.231277291854727
2015-06-11,47.503357154686626
2015-06-16,-29.346849320033453
2015-06-24,3.491491363761323
2015-06-29,-10.206075133105411
2015-07-02,-0.5342155983516819
2015-07-08,6.539406011493246
2015-07-13,-11.14660706992174
2015-07-14,-3.8060193576343018
2015-07-20,-12.083799339574531
2015-07-24,14.270191924993975
2015-07-27,13.327610095722383
2015-08-04,0.26370327125860693
2015-08-11,5.780863007486124
2015-08-12,21.413544031271762
2015-08-17,-4.830215584579391
2015-08-21,-8.32316128945199
2015-08-24,78.88812018459844
2015-08-27,-29.833992306012572
2015-08-31,-1.145115396609866
2015-09-01,24.269923319573497
2015-09-04,13.15829512057968
2015-09-10,-22.505271509561425
2015-09-14,-13.096580698915243
2015-09-16,-4.89109804799857
2015-09-28,7.730633384226872
2015-09-29,-17.41347147033381
2015-10-08,10.90280972289528
2015-10-12,3.7373792567424524
2015-10-16,-9.383820666778286
2015-10-26,7.172685423188533
2015-10-27,-1.5203422675859948
2015-10-28,4.8256707481877665
2015-10-29,14.226774716824242
2015-11-02,-10.93227765774757
2015-11-05,35.06987256789428
2015-11-09,-12.301621024902516
2015-11-10,19.87769144529495
2015-11-13,-1.5933885584296887
2015-12-02,-0.5103540103456649
2015-12-03,9.425318352701076
2015-12-08,5.547058817429454
2015-12-11,7.590607479298493
2015-12-15,-9.631755081217397
2015-12-18,2.181372076422618
2015-12-24,0.25964199994844306
2016-01-04,5.717501163755741
2016-01-05,-2.171571337663398
2016-01-06,6.2355249436983735
2016-01-07,13.726340447979396
2016-01-11,-15.527733870277904
2016-01-12,10.347937677055262
2016-01-20,-7.302123493193657
2016-02-10,11.918855462350422
2016-02-11,108.96942536739144
2016-02-23,39.978436438838635
2016-02-25,12.815016518973811
2016-03-09,-13.946294439762378
2016-03-10,3.1867352669242983
2016-03-23,-12.047021970605257
2016-03-28,8.522967871097421
2016-04-05,3.8064461562898146
2016-04-07,21.22554806505257
2016-04-11,-15.17729532635858
2016-04-22,-2.929778436306662
2016-04-25,3.450555596181303
2016-04-26,-17.32783567924068
2016-05-06,-12.41076852048882
2016-05-11,-2.919058373472776
2016-05-13,-3.18328886862086
2016-05-19,30.139376433248486
2016-05-23,6.034880361365904
2016-06-09,12.178563607532363
2016-06-13,-1.0198874316418722
2016-06-16,-11.147621293726317
2016-06-20,-11.636404092582286
2016-06-21,-0.8816483865536918
2016-06-29,-5.318816213525009
2016-07-05,3.8589679572785514
2016-07-08,-3.839024672761917
2016-07-29,0.7994816796827637
2016-08-03,14.246733422632238
2016-08-04,-0.563411447607853
2016-08-09,6.5664271058686525
2016-08-19,-0.43323387872211694
2016-08-23,-3.035868838673117
2016-09-08,-6.0287973286341385
2016-09-09,2.023983390810723
2016-09-20,1.188818347167921
2016-09-23,2.863553839097281
2016-09-26,10.219505772967725
2016-10-05,3.533041163621997
2016-10-13,26.428050410588213
2016-10-17,6.42347576422142
2016-10-21,-5.926275336656664
2016-10-25,-1.824364058579582
2016-10-26,3.258826861596313
2016-10-27,-22.439431990680692
2016-11-04,6.448697732621028
2016-11-07,0.18990101303037044
2016-11-08,-4.1010218735239
2016-11-11,20.508121949649624
2016-11-15,11.02440438194185
2016-11-21,75.64078779265294
2016-11-24,0.16714264349807867
2016-12-02,19.256197094770133
2016-12-12,12.769789633406436
2016-12-14,1.4256295431533907
2016-12-15,3.188534827989942
2016-12-16,0.7263696001148661
2016-12-19,2.2933444091175987
2016-12-21,3.658197546996523
2016-12-22,13.526127997598
2016-12-26,1.537264412556334
2017-01-02,-4.546092941918889
2017-01-03,-12.849342615186108
2017-01-13,0.8665457682231107
2017-01-20,6.732180394019588
2017-01-31,9.764445779812466
2017-02-02,-6.399572345514396
2017-02-13,-2.01618314579662
2017-02-14,-2.0975016443524632
2017-03-03,-3.981877339095805
2017-03-09,-2.508907676390083
2017-03-20,-0.9938459547806879
2017-03-22,3.3080212133766826
2017-03-27,-1.6826138504738615
2017-03-29,-3.7704893574747977
2017-04-03,-4.613848601459033
2017-04-06,-4.986732685813406
2017-04-07,3.600193846086442
2017-04-13,19.74479631933732
2017-04-19,-3.242994616983205
2017-04-28,-0.28117490977438286
2017-05-04,-5.754157335541718
2017-05-05,12.144315365155032
2017-05-11,0.7994656412149028
2017-05-12,1.7674786479940596
2017-05-18,4.350735330369313
2017-05-23,-0.1276398933607818
2017-06-06,7.097037948147917
2017-06-09,-3.883421903137717
2017-06-12,-0.687
2017-06-15,9.416637391200455
2017-06-21,-8.034350302572339
2017-06-23,9.213529292326964
2017-06-30,-3.5911493950629385
2017-07-05,-3.637651491429864
2017-07-14,-3.1680893058117396
2017-07-18,8.397187611435541
2017-07-25,0.9229146110066612
2017-07-28,-22.434655982197864
2017-08-02,0.1945416653569997
2017-08-03,3.6250255625799475
2017-08-09,4.624453764044153
2017-08-10,7.105370954207167
2017-08-11,2.82033918144685
2017-08-16,-9.369887560639647
2017-08-18,-12.552565193113017
2017-08-28,-3.2873483464792037
2017-08-29,10.860592972032563
2017-08-31,-21.463880656656602
2017-09-04,2.1621338481822594
2017-09-19,-0.687
2017-09-22,35.49784725343544
2017-09-25,-4.537230430293588
2017-09-27,39.287451622148524
2017-09-28,-8.657564854874613
2017-10-18,-3.045842936682437
2017-10-24,-1.9953523244675844
2017-10-25,-4.913978657892313
2017-11-03,-0.8592793034605657
2017-11-10,-6.454535008703448
2017-11-13,9.905324896898994
2017-11-15,10.428328619733907
2017-11-27,-20.606170686480908
2017-11-30,50.062246317685975
2017-12-05,-9.594672169522072
2017-12-06,7.4208304417831545
2017-12-12,10.509572872420279
2018-01-11,-13.738147516849187
2018-01-25,-4.163057636721535
2018-01-30,3.175964567761823
2018-01-31,-1.998332778611775
2018-02-02,30.87557253890037
2018-02-07,7.523476410720958
2018-02-19,5.404077273627144
2018-02-21,-1.7746157265278815
2018-02-28,-2.9623161143944228
2018-03-05,-3.2494099241161267
2018-03-07,1.915547437857752
2018-03-14,-5.019449552355071
2018-03-15,2.140711511645838
2018-03-16,63.44479523795898
2018-03-23,-4.090781480065317
2018-03-28,8.438116942539196
2018-04-11,-4.898423202858863
2018-04-20,-5.55509506361515
2018-04-23,-6.282836710753127
2018-04-25,2.8830365473824964
2018-05-02,2.0506103062162144
2018-05-03,0.1493644954719338
2018-05-04,11.095133510354817
2018-05-16,-1.361809391961306
2018-05-18,6.077963014166612
2018-05-29,2.771579143201848
2018-05-30,-5.012270343333288
2018-06-04,7.24061171603484
2018-06-05,-0.8906484482981177
2018-06-08,-5.008168088347704
2018-06-14,-0.7412399813504983
2018-06-19,17.26380484698044
2018-06-21,5.8353905464232465
2018-06-25,1.7488626526178215
2018-06-27,16.69822433573958
2018-06-28,16.08300319119805
2018-07-02,-2.9693126060732684
2018-07-05,-1.0446850939248176
2018-07-16,11.884127087769043
2018-07-19,1.831982358751939
2018-08-02,20.671726949472518
2018-08-07,-1.2480204081604533
2018-08-10,2.997541050356531
2018-08-13,-1.0219986104142904
2018-08-16,1.59029061461271
2018-08-23,-3.958830651473329
2018-08-30,-4.465703699390665
2018-09-03,8.438813070882299
2018-09-04,3.4163653561515823
2018-09-06,-19.874482309133292
2018-09-10,2.3633727517832632
2018-09-17,5.46342551149978
2018-09-24,22.625383226803347
2018-09-26,-2.2792129691336713
2018-09-28,-1.7117846357101942
2018-10-01,-48.51937447789142
2018-10-04,-3.566771133912254
2018-10-05,17.33273747498674
2018-10-09,7.141883958533431
2018-10-15,-9.493926663572068
2018-10-19,6.660378616616136
2018-10-22,9.152938603075606
2018-10-23,5.76695536060093
2018-10-24,-0.6186536401494122
2018-10-26,0.6694800287890541
2018-11-01,0.22916399576261232
2018-11-09,-6.24166575900034
2018-11-20,6.287644398224161
2018-12-04,-5.6885704242712745
2018-12-05,2.912668346655349
2018-12-06,26.606292717141866
2018-12-18,-14.294782027343626
2018-12-26,-42.240567612429196
2018-12-27,0.6928311321301139
2018-12-31,0.9410581418613809
2019-01-01,-6.409002484652769
2019-01-02,0.7299096150480617
2019-01-03,33.78244721750019
2019-01-10,2.2324568351565395
2019-01-14,-4.993620974641959
2019-01-18,-5.13821883182367
2019-01-22,-8.844362093045563
2019-01-24,-7.355115520104282
2019-02-04,-6.292424196267234
2019-02-08,4.141582266187517
2019-02-11,-1.279717858389181
2019-02-14,0.890430893537647
2019-02-15,-13.49522544695663
2019-02-18,8.05222773600037
2019-02-28,11.157932933402645
2019-03-08,-2.332829690397737
2019-03-25,-4.238401928873247
2019-04-02,-3.6937492686289763
2019-04-04,6.710563598589696
2019-04-08,9.324431044556293
2019-04-18,9.167114249109153
2019-04-22,23.005447928121523
2019-04-30,-5.006955885280054
2019-05-02,-1.71981174147109
2019-05-06,2.3803254869425574
2019-05-08,7.9067342203801925
2019-05-09,-2.502951636662402
2019-05-13,9.8474478838131
2019-06-06,40.58544640832672
2019-06-11,-3.4407850534824
2019-06-12,-2.997186767456185
2019-06-14,6.542230117377029
2019-06-17,21.59892394862066
2019-06-20,-16.793959249200427
2019-06-21,3.887096508136551
2019-06-25,-23.912715476677743
2019-06-28,1.3385960820313905
2019-07-02,-11.915087330135401
2019-07-08,9.964500807360709
2019-07-11,-15.891598624393342
2019-07-18,34.22683609260855
2019-07-22,-5.915787240401878
2019-07-23,-0.9061172775249975
2019-07-29,3.7764073078773834
2019-08-01,-8.629570821149226
2019-08-02,-23.972494779043114
2019-08-05,-5.914563676951059
2019-08-07,5.853725996202258
2019-08-13,24.860423734860216
2019-08-16,-10.40804210062258
2019-08-21,6.568402627031891
2019-08-22,8.65105243398628
2019-08-29,3.1686265695861
2019-09-03,20.87045418946788
2019-09-09,-17.828908390245914
2019-09-16,-5.548996570228596
2019-09-17,6.743865689931527
2019-09-19,18.94450254264365
2019-09-25,10.813430706336296
2019-09-30,-11.809412822993
2019-10-03,-1.496324523588027
2019-10-04,16.4157022035506
2019-10-10,-1.403841121274532
2019-10-25,0.006738750041508546
2019-11-05,0.6292695306094562
2019-11-06,-6.751955751513646
2019-11-08,11.45275662687082
2019-11-14,-10.934200053979302
2019-11-21,2.6485869445918673
2019-11-22,5.586913432936709
2019-11-29,7.147435099201003
2019-12-02,2.540727256522003
2019-12-03,5.535684220262884
2019-12-04,-7.694135760287551
2019-12-06,6.210991825117132
2019-12-10,8.28232450933778
2019-12-23,-1.298725574522863
2020-01-03,0.13052784147806404
2020-01-06,32.00303935030263
2020-01-15,-9.037312543392966
2020-01-20,27.523477279682048
2020-01-27,7.687687960721068
2020-01-30,15.00830488354265
2020-02-01,22.346664150867603
2020-02-07,0.24892064960597898
2020-02-10,-1.8957800306054913
2020-02-13,-2.4744898312729893
2020-02-17,3.1378570870807687
2020-02-18,-18.29636772714851
2020-02-24,64.19445678350291
2020-02-26,3.2621908532577217
2020-02-27,-21.89971130647551
2020-02-28,27.277550674436004
2020-03-09,-15.950634988299157
2020-03-12,166.28148735842933
2020-03-16,91.75631758527375
2020-03-18,39.07338495856298
2020-03-23,39.152588037829396
2020-03-30,19.55266974476374
2020-04-01,73.38445718326795
2020-04-03,25.592974328578272
2020-04-13,-6.569149699486454
2020-04-15,21.82257665909906
2020-04-21,-7.68001548436888
2020-04-22,-23.40837022539119
2020-04-28,-5.354615070881156
2020-05-04,26.44428223162587
2020-05-06,-14.595989034560588
2020-05-12,-3.652278945594096
2020-05-13,2.4874623562848557
2020-05-14,17.188426954472376
2020-05-18,58.57321124468801
2020-06-08,12.914995921338278
2020-06-11,92.07146825517022
2020-06-15,-5.100687530870064
2020-06-25,-4.5935784357481975
2020-06-29,-9.401783556007349
2020-07-07,-9.335548291606111
2020-07-14,1.1514320668137201
2020-07-16,-22.263633366524807
2020-07-22,-0.17254634332639948
2020-07-24,-18.047710578123578
2020-07-27,3.2624650386629197
2020-08-03,54.41667897127123
2020-08-06,-9.421914180606581
2020-08-12,-7.799153294331179
2020-08-17,-2.890982752722175
2020-08-20,4.376111388597037
2020-09-04,1.3037603613219217
2020-09-09,-1.9377652587298506
2020-09-17,-0.9661670018602073
2020-09-22,-2.857550440711198
2020-09-23,8.102752170397524
2020-09-24,97.13458845313981
2020-09-30,-3.955311448313219
2020-10-14,-28.754859651295355
2020-10-15,68.69866544820377
2020-10-26,40.67783535618172
2020-10-29,-3.1002496050373614
2020-11-02,-12.515297245116088
2020-11-12,-1.57770714631489
2020-11-13,-17.22802786113467
2020-11-19,11.004715165734536
2020-12-01,-8.395325629796627
2020-12-03,1.956916610941422
2020-12-10,-13.705438029909308
2020-12-15,-12.774998466613932
2020-12-18,-7.673127361932037
2020-12-30,-6.22207609623023
2021-01-07,14.89351053859075
2021-01-14,-16.6226164709689
2021-01-18,8.031819258590193
2021-01-22,42.90245147997651
2021-01-27,6.547620595774627
2021-01-28,-13.302897550549227
2021-02-04,-28.729421129049342
2021-02-17,2.471990242015919
2021-02-19,4.340602271760071
2021-02-26,49.11458487173703
2021-03-05,2.130862560751548
2021-03-15,-9.945769289897514
2021-03-19,-52.41371531788319
2021-03-22,-5.568082372053348
2021-03-24,3.952058977238491
2021-03-25,22.915335550290585
2021-03-31,2.445359948849045
2021-04-05,-4.648404646649731
2021-04-12,61.281402127182034
2021-04-22,-13.853841457393397
2021-04-30,16.39905609632829
2021-05-11,-7.5688254311488
2021-05-12,7.355248343865517
2021-05-14,-2.6488951138563115
2021-05-20,19.62474197434102
2021-05-26,-6.378691657368637
2021-05-31,-26.087830072335755
2021-06-02,-12.702519980871553
2021-06-08,-1.8123315193180112
2021-06-14,-35.91059289629386
2021-06-21,-11.404997207503396
2021-07-01,5.430593476682455
2021-07-02,-8.315769489870965
2021-07-09,-1.3151116842377535
2021-07-13,-4.0214183397104115
2021-07-14,-10.988151634747368
2021-07-19,3.210061547235031
2021-07-28,-16.13666680161038
2021-08-05,-11.098640605871534
2021-08-20,-4.291955624677952
2021-08-23,2.435733111309543
2021-08-27,-24.247101288497173
2021-09-08,-4.55176787034023
2021-09-13,-8.919117222562328
2021-09-20,11.313619249593145
2021-09-27,1.9633856894324153
2021-09-28,2.9223846732813477
2021-09-29,-3.898192979292692
2021-09-30,11.412354204023273
2021-10-01,-2.0141629349211803
2021-10-20,10.784424042515338
2021-10-21,6.884606456451965
2021-10-25,-8.375849681412102
2021-10-28,99.71554466136095
2021-11-08,-36.77048628356778
2021-11-10,-4.466650314237494
2021-11-11,7.08739136853117
2021-11-17,3.1727165403366375
2021-11-22,46.870672890754165
2021-11-26,24.941650141847596
2021-12-09,-12.264973499563556
2021-12-14,-1.5677761795323193
2021-12-15,2.3800780144044733
2021-12-16,5.185974058390981
2021-12-17,12.104218735521876
2021-12-20,-24.37011165455707
2021-12-24,0.04931021952211552
2021-12-27,-9.55125883851981
2022-01-06,-7.126642522708899
2022-01-18,8.079496657067113
2022-01-20,10.737977886198872
2022-01-21,-4.89967985158047
2022-01-24,64.231297907313
2022-02-03,21.244629958348423
2022-02-07,13.509167602723926
2022-02-10,-13.082409022787207
2022-02-21,-11.494995217691212
2022-02-22,-31.517813435188078
2022-02-24,52.329061289287985
2022-02-28,-39.50960786978578
2022-03-02,-8.497809989479824
2022-03-04,-4.919944327745512
2022-03-07,-6.662776326870119
2022-03-10,6.53790409062899
2022-03-25,2.61952005566162
2022-03-28,-28.6295185779818
2022-04-06,3.601292678550358
2022-04-07,3.4363554056569803
2022-04-11,-0.4579836243282805
2022-04-12,-1.8229381538034726
2022-04-18,-8.784376177359576
2022-04-27,-4.5089213315740775
2022-04-28,-20.571436483799765
2022-05-02,-7.95144206963416
2022-05-06,-6.480907621331157
2022-05-09,-30.770728911114436
2022-05-12,23.756190158536345
2022-05-19,30.391425367713218
2022-06-06,-6.851406191257932
2022-06-07,-1.7804442173527477
2022-06-08,0.20483386776712545
2022-06-10,-0.9422650095947442
2022-06-13,-1.1544932717242014
2022-06-20,-6.111350974282005
2022-06-22,2.481960040270878
2022-06-28,-14.940815887590682
2022-07-01,-4.3801458014911825
2022-07-12,6.200125165004284
2022-07-19,-5.4934783684085335
2022-07-26,12.190408728143504
2022-08-02,-6.511656398213946
2022-08-11,1.4575932734328532
2022-08-12,-11.509467850810658
2022-08-22,7.568701515161289
2022-09-01,-1.6816283286180465
2022-09-07,-3.3669648291118954
2022-09-14,-7.950329297300587
2022-09-16,15.560282262280575
2022-09-22,-1.6582474879346703
2022-09-23,11.90192070359645
2022-09-28,0.6376663970830008
2022-09-30,-17.36695350726575
2022-10-03,4.541665880659346
2022-10-07,-6.5173133428650285
2022-10-10,-8.314606776964395
2022-10-11,20.9256087244841
2022-10-13,-0.4813547432175788
2022-10-14,5.747248335635337
2022-10-25,5.410076836951264
2022-11-02,2.159743149290889
2022-11-03,-3.197546294258457
2022-11-09,2.620231946688974
2022-11-10,-3.8466821522227463
2022-11-15,-7.315244349863299
2022-11-18,-6.910356442559771
2022-11-21,-5.672630564452124
2022-11-24,-28.599513467365114
2022-12-02,-2.765274624140479
2022-12-05,-8.868384673906698
2022-12-09,1.7277595289200494
2022-12-12,-8.404373270984612
2022-12-15,24.931414682319037
2022-12-20,-10.048822782338508
2022-12-22,1.9957048383274185
2022-12-23,17.067590309546823
2022-12-28,-2.6695771704977873
2022-12-29,-27.64777690437097
2023-01-04,5.442788057005304
2023-01-10,1.1387106874794437
2023-01-13,-27.932630697245894
2023-01-19,-5.852535660941404
2023-01-20,2.5303420744633383
2023-01-25,24.07297771067831
2023-01-27,0.6663670427437041
2023-01-31,-6.331967067446304
2023-02-02,-7.2882878343240645
2023-02-06,-6.049615932224846
2023-02-09,-7.840535982714142
2023-02-10,-2.878428527662444
2023-02-13,2.9623878830810315
2023-02-17,-2.2704742160917073
2023-02-22,32.94451592090656
2023-02-23,3.1893044149041025
2023-02-24,4.436013198087167
2023-02-27,-4.766641404299341
2023-03-02,5.3216124262651405
2023-03-09,17.964344658295616
2023-03-10,-0.2103733590332551
2023-03-16,-19.800291239272998
2023-03-20,-10.796376283180033
2023-03-23,-0.7250989213563003
2023-03-24,6.425805325071879
2023-04-03,-5.282670428190935
2023-04-17,-4.666949952944185
2023-04-19,-0.32401947218831106
2023-04-24,-11.598422431445405
2023-04-26,-5.130976734624268
2023-05-03,-9.862687314046042
2023-05-05,7.652768466533452
2023-05-11,0.174348204166425
2023-05-12,-10.381150888892037
2023-05-16,9.75266714808309
2023-05-17,1.8943552710858047
2023-05-19,-4.098611029138297
2023-05-24,0.09626430455792319
2023-05-25,-4.61752398165102
2023-05-31,-0.5238612015213328
2023-06-01,5.394386877185662
2023-06-20,-23.709044715890286
2023-06-23,1.238882796603713
2023-07-07,0.8770534656249052
2023-07-21,3.492625561749167
2023-07-25,-0.6056803859184688
2023-08-02,6.186083613814173
2023-08-03,-2.268954184861502
2023-08-09,-28.523955860822014
2023-08-11,11.230871452812007
2023-08-14,-22.635432000508608
2023-08-17,2.0466871432725444
2023-08-18,-6.5039209913558675
2023-08-25,2.580743877767751
2023-08-29,-1.628429697666958
2023-08-31,5.141414507912616
2023-09-18,2.112932725592306
2023-09-20,17.748848038106704
2023-09-21,-1.5765726731196061
2023-09-27,-27.95583931986071
2023-09-28,29.857488337881126
2023-10-03,-2.201435487288436
2023-10-04,-10.399427961159821
2023-10-09,-1.2687895998756917
2023-10-13,-7.644568948300875
2023-10-16,-1.1255047817859973
2023-10-17,-0.3110055976347872
2023-10-20,-1.8221757874889666
2023-10-26,8.33599667127815
2023-10-31,-0.4382252145291031
2023-11-07,-2.299285705707013
2023-11-10,-4.423625426186974
2023-11-13,-3.5899804538645315
2023-11-16,-6.721308189739807
2023-11-17,0.46223338033519046
2023-12-07,-10.333784338990828
2023-12-19,-1.4890461932899712
2023-12-29,0.1404175284379013
2024-01-03,4.377980362912749
2024-01-17,10.340679600164112
2024-01-30,6.443530400220071
2024-02-01,4.98967494066044
2024-02-13,-8.81967782224443
2024-02-19,-2.7236375376877886
2024-02-22,-55.57108567752415
2024-02-26,1.734770474561041
2024-03-13,27.765295393849804
2024-03-19,2.9721900367801566
2024-03-22,-15.46954165008575
