pattern,n,gross_bps,net_bps,t,win_rate,p_bh,p_fwer,p_spa,oos_n,oos_net_bps,oos_t,oos_win_rate,oos_net_bps_stress
SHORT 09:30->15:15 if prev_clv=mid & first15=bear_strong,162,26.0148,19.1448,3.1216,0.5802,1.0000,0.9900,0.9401,70,-8.8528,-1.0404,0.4429,-10.6228
SHORT 09:30->15:15 if prev_day=down & open_to_now=big_down,61,33.6272,26.7572,3.0438,0.6721,1.0000,0.9920,0.9641,35,-2.4021,-0.1731,0.4286,-4.1721
SHORT 13:15->15:15 if gap=big_down & vs_twap=below,60,34.6420,27.7720,3.0314,0.6167,1.0000,0.9920,0.9681,52,-4.4719,-0.7497,0.4231,-6.2419
SHORT 11:15->15:15 if pclose_to_now=down & first15=bear_strong,190,21.0914,14.2214,2.9146,0.5789,1.0000,1.0000,0.9880,81,-4.4698,-0.7416,0.4815,-6.2398
SHORT 09:30->15:15 if prev_day=down & pclose_to_now=down,120,27.3390,20.4690,2.7410,0.6167,1.0000,1.0000,0.9960,91,2.6454,0.3324,0.5275,0.8754
SHORT 09:45->15:15 if prev_nr7=yes & pclose_to_now=down,65,27.3355,20.4655,2.6823,0.6769,1.0000,1.0000,0.9960,37,3.6934,0.3200,0.4324,1.9234
SHORT 09:30->15:15 if dow=thu & first15=bear_strong,66,33.9752,27.1052,2.6633,0.6364,1.0000,1.0000,0.9980,39,3.5598,0.3877,0.5641,1.7898
SHORT 09:30->15:15 if prev_nr7=yes & pclose_to_now=down,58,33.6526,26.7826,2.6507,0.6552,1.0000,1.0000,0.9980,36,-6.9795,-0.5223,0.3611,-8.7495
SHORT 10:15->15:15 if dow=thu & first15=bear_strong,66,31.7924,24.9224,2.6410,0.6212,1.0000,1.0000,0.9980,39,3.9183,0.4419,0.6154,2.1483
SHORT 13:15->15:15 if gap_fill=down_open & vs_twap=below,135,20.2692,13.3992,2.6344,0.5778,1.0000,1.0000,0.9980,70,-5.7760,-1.1107,0.3857,-7.5460
SHORT 09:30->15:15 if prev_clv=near_high & pclose_to_now=down,90,35.9693,29.0993,2.6211,0.6000,1.0000,1.0000,0.9980,59,-8.9228,-1.2676,0.4068,-10.6928
SHORT 09:45->15:15 if dow=thu & first15=bear_strong,66,33.6371,26.7671,2.6191,0.5909,1.0000,1.0000,0.9980,39,4.8000,0.5579,0.5385,3.0300
SHORT 09:30->15:15 if dow=mon & pclose_to_now=down,84,37.5650,30.6950,2.5876,0.5833,1.0000,1.0000,0.9980,57,-20.4695,-2.0018,0.3684,-22.2395
SHORT 09:45->15:15 if gap_fill=down_open & range_so_far=normal,118,22.8610,15.9910,2.4938,0.6186,1.0000,1.0000,1.0000,93,-7.3366,-1.3627,0.4516,-9.1066
SHORT 11:15->15:15 if open_to_now=big_down & gap_fill=down_open,105,24.3846,17.5146,2.4661,0.6000,1.0000,1.0000,1.0000,47,-3.6233,-0.4306,0.3830,-5.3933
SHORT 09:45->15:15 if prev_clv=mid & first15=bear_strong,162,21.7650,14.8950,2.4644,0.5309,1.0000,1.0000,1.0000,70,-6.4973,-0.7930,0.4429,-8.2673
SHORT 11:15->15:15 if open_to_now=big_down & pclose_to_now=down,268,16.9516,10.0816,2.4244,0.5522,1.0000,1.0000,1.0000,143,-5.9545,-1.2113,0.4615,-7.7245
LONG 13:15->15:15 if prev_day=down & open_to_now=big_up,91,17.0667,10.1967,2.4233,0.6044,1.0000,1.0000,1.0000,44,-5.4332,-0.7593,0.5455,-7.2032
SHORT 11:15->15:15 if open_to_now=big_down & range_so_far=wide,179,21.0808,14.2108,2.4181,0.5642,1.0000,1.0000,1.0000,102,-4.0531,-0.5622,0.4314,-5.8231
SHORT 09:45->15:15 if prev_day=down & pclose_to_now=down,130,21.9239,15.0539,2.3989,0.6077,1.0000,1.0000,1.0000,91,-4.8902,-0.6565,0.4615,-6.6602
SHORT 09:30->15:15 if prev_clv=near_high & gap_fill=down_open,77,36.2850,29.4150,2.3852,0.6104,1.0000,1.0000,1.0000,53,-6.6406,-0.9512,0.4340,-8.4106
SHORT 10:15->15:15 if prev_day=down & pclose_to_now=down,125,24.3667,17.4967,2.3828,0.6160,1.0000,1.0000,1.0000,104,-10.0534,-1.4393,0.4135,-11.8234
SHORT 09:45->15:15 if dow=mon & pclose_to_now=down,91,30.4058,23.5358,2.3286,0.5385,1.0000,1.0000,1.0000,60,-14.2912,-1.4905,0.4000,-16.0612
SHORT 11:15->15:15 if or30=below & gap_fill=down_open,92,23.9864,17.1164,2.3279,0.6304,1.0000,1.0000,1.0000,41,2.7334,0.3381,0.4146,0.9634
SHORT 11:15->15:15 if dow=thu & pclose_to_now=down,85,22.4232,15.5532,2.3263,0.5882,1.0000,1.0000,1.0000,50,-2.4409,-0.2700,0.5400,-4.2109
SHORT 11:15->15:15 if first15=bear_strong & vs_twap=below,224,17.0702,10.2002,2.3140,0.5446,1.0000,1.0000,1.0000,91,-2.7437,-0.5183,0.5165,-4.5137
SHORT 10:15->15:15 if or30=below & gap_fill=up_open,56,31.2935,24.4235,2.3120,0.5179,1.0000,1.0000,1.0000,32,26.8849,2.1785,0.5938,25.1149
SHORT 10:15->15:15 if prev_clv=mid & or30=below,113,22.9793,16.1093,2.2726,0.5664,1.0000,1.0000,1.0000,58,2.6710,0.3495,0.4828,0.9010
SHORT 09:30->15:15 if open_to_now=down & gap_fill=down_open,107,24.2058,17.3358,2.2689,0.5607,1.0000,1.0000,1.0000,54,-19.7906,-2.2659,0.3889,-21.5606
SHORT 09:30->15:15 if trend20=above & first15=bear_strong,216,16.2672,9.3972,2.2472,0.5556,1.0000,1.0000,1.0000,100,-9.4705,-1.6418,0.4200,-11.2405
SHORT 10:15->15:15 if prev_day=down & open_to_now=big_down,96,25.3229,18.4529,2.2440,0.6146,1.0000,1.0000,1.0000,55,-9.4059,-1.0668,0.4182,-11.1759
SHORT 13:15->15:15 if open_to_now=big_down & gap_fill=down_open,112,19.8967,13.0267,2.2359,0.5625,1.0000,1.0000,1.0000,50,-8.0328,-1.3496,0.4600,-9.8028
SHORT 09:30->15:15 if open_to_now=down & pclose_to_now=down,136,21.9521,15.0821,2.2326,0.5515,1.0000,1.0000,1.0000,71,-18.9468,-2.3582,0.3944,-20.7168
SHORT 11:15->15:15 if prev_day=down & pclose_to_now=down,150,19.6680,12.7980,2.2302,0.6067,1.0000,1.0000,1.0000,96,-7.0629,-1.0878,0.4271,-8.8329
SHORT 11:15->15:15 if open_to_now=big_down & or15=inside,65,25.4516,18.5816,2.2288,0.5692,1.0000,1.0000,1.0000,26,-28.2710,-3.1021,0.1538,-30.0410
SHORT 11:15->15:15 if dow=thu & first15=bear_strong,66,22.8887,16.0187,2.2156,0.5758,1.0000,1.0000,1.0000,39,4.4928,0.6082,0.6410,2.7228
SHORT 10:15->15:15 if dow=mon & pclose_to_now=down,93,27.2620,20.3920,2.2116,0.5699,1.0000,1.0000,1.0000,58,-12.8737,-1.3500,0.3966,-14.6437
SHORT 10:15->15:15 if open_to_now=down & or30=below,74,29.2316,22.3616,2.1986,0.5541,1.0000,1.0000,1.0000,59,14.7552,1.2919,0.5254,12.9852
SHORT 11:15->15:15 if open_to_now=big_down & first15=bear_strong,217,16.2535,9.3835,2.1897,0.5576,1.0000,1.0000,1.0000,88,-8.1006,-1.4541,0.4318,-9.8706
SHORT 11:15->15:15 if open_to_now=big_down & last30=up,128,18.6481,11.7781,2.1864,0.5859,1.0000,1.0000,1.0000,68,-2.2453,-0.3117,0.4412,-4.0153
SHORT 09:30->15:15 if vix_regime=low & pclose_to_now=down,114,19.3607,12.4907,2.1701,0.5789,1.0000,1.0000,1.0000,115,-13.5176,-2.4938,0.3739,-15.2876
SHORT 11:15->15:15 if prev_day=down & open_to_now=big_down,108,21.4758,14.6058,2.1685,0.6019,1.0000,1.0000,1.0000,65,-3.6357,-0.4009,0.4615,-5.4057
SHORT 11:15->15:15 if dow=mon & pclose_to_now=down,93,26.1036,19.2336,2.1553,0.5591,1.0000,1.0000,1.0000,58,-10.3098,-1.3121,0.3793,-12.0798
SHORT 11:15->15:15 if gap_fill=down_open & first15=bear_strong,86,23.2544,16.3844,2.1525,0.5930,1.0000,1.0000,1.0000,40,-3.7193,-0.4847,0.4500,-5.4893
SHORT 09:45->15:15 if prev_clv=near_high & gap_fill=down_open,70,32.2926,25.4226,2.1324,0.6000,1.0000,1.0000,1.0000,51,-9.0342,-1.2402,0.4118,-10.8042
SHORT 09:30->15:15 if pclose_to_now=down & gap_fill=up_filled,86,24.5394,17.6694,2.1262,0.5814,1.0000,1.0000,1.0000,42,-12.2208,-1.1739,0.4048,-13.9908
SHORT 09:45->15:15 if prev_clv=near_high & pclose_to_now=down,96,26.9137,20.0437,2.1085,0.5833,1.0000,1.0000,1.0000,69,-7.9413,-1.1314,0.4348,-9.7113
SHORT 10:15->15:15 if prev_clv=near_high & vix_regime=high,131,22.3417,15.4717,2.0812,0.5038,1.0000,1.0000,1.0000,56,5.1869,0.6411,0.4643,3.4169
SHORT 10:15->15:15 if prev_clv=mid & first15=bear_strong,162,19.0940,12.2240,2.0759,0.5370,1.0000,1.0000,1.0000,70,-8.5616,-1.1049,0.4571,-10.3316
SHORT 09:30->15:15 if dow=mon & open_to_now=big_down,55,33.6772,26.8072,2.0585,0.6364,1.0000,1.0000,1.0000,27,-12.7375,-0.8974,0.3333,-14.5075
SHORT 09:30->15:15 if vix_regime=low & gap_fill=down_open,89,21.8007,14.9307,2.0565,0.5730,1.0000,1.0000,1.0000,87,-7.7637,-1.2693,0.4138,-9.5337
SHORT 11:15->15:15 if prev_day=down & gap_fill=down_open,78,21.5617,14.6917,2.0413,0.6410,1.0000,1.0000,1.0000,57,-4.6871,-0.6188,0.3860,-6.4571
SHORT 09:30->15:15 if prev_day=up & dow=thu,107,21.6451,14.7751,2.0236,0.5607,1.0000,1.0000,1.0000,54,-0.0975,-0.0132,0.4815,-1.8675
SHORT 09:30->15:15 if gap=flat & prev_nr7=yes,55,27.7667,20.8967,2.0215,0.6182,1.0000,1.0000,1.0000,30,-27.7236,-2.4903,0.3333,-29.4936
SHORT 10:15->15:15 if trend20=above & first15=bear_strong,216,15.0485,8.1785,2.0207,0.5231,1.0000,1.0000,1.0000,100,-7.4376,-1.3460,0.4600,-9.2076
SHORT 09:45->15:15 if dow=mon & open_to_now=big_down,65,25.9706,19.1006,2.0152,0.5846,1.0000,1.0000,1.0000,30,-19.3892,-0.9870,0.4667,-21.1592
SHORT 09:45->15:15 if gap=down & range_so_far=normal,82,22.2633,15.3933,2.0138,0.5610,1.0000,1.0000,1.0000,60,-16.1138,-2.4538,0.3833,-17.8838
SHORT 09:30->15:15 if dow=mon & first15=bear_strong,84,24.9661,18.0961,1.9848,0.5714,1.0000,1.0000,1.0000,35,-25.7031,-1.8873,0.2857,-27.4731
SHORT 09:30->15:15 if prev_clv=mid & open_to_now=big_down,80,23.5473,16.6773,1.9808,0.6000,1.0000,1.0000,1.0000,41,5.9950,0.5486,0.4390,4.2250
SHORT 09:45->15:15 if prev_day=up & dow=thu,107,21.4427,14.5727,1.9808,0.5514,1.0000,1.0000,1.0000,54,-0.3412,-0.0455,0.4815,-2.1112
SHORT 09:30->15:15 if prev_clv=near_high & vix_regime=high,131,23.8592,16.9892,1.9806,0.5038,1.0000,1.0000,1.0000,56,2.8048,0.3144,0.5357,1.0348
SHORT 09:30->15:15 if prev_day=up & pclose_to_now=down,133,20.8604,13.9904,1.9747,0.5263,1.0000,1.0000,1.0000,66,-13.9799,-1.7255,0.3485,-15.7499
SHORT 10:15->15:15 if dow=mon & range_so_far=wide,96,25.4406,18.5706,1.9658,0.5208,1.0000,1.0000,1.0000,57,-5.8019,-0.5150,0.4211,-7.5719
SHORT 09:45->15:15 if pclose_to_now=down & range_so_far=normal,162,16.6670,9.7970,1.9574,0.5679,1.0000,1.0000,1.0000,112,-7.4575,-1.3919,0.4464,-9.2275
SHORT 09:30->15:15 if ret5=up & first15=bear_strong,198,16.2091,9.3391,1.9500,0.5354,1.0000,1.0000,1.0000,90,-15.3808,-2.7003,0.4000,-17.1508
LONG 11:15->15:15 if ret5=down & open_to_now=big_up,117,21.2829,14.4129,1.9489,0.6581,1.0000,1.0000,1.0000,72,4.2312,0.6973,0.5556,2.4612
SHORT 09:30->15:15 if prev_clv=near_high & vs_twap=below,186,18.4996,11.6296,1.9455,0.5215,1.0000,1.0000,1.0000,130,-5.6462,-1.0831,0.4231,-7.4162
SHORT 11:15->15:15 if dow=thu & gap_fill=down_open,51,24.3729,17.5029,1.9371,0.6275,1.0000,1.0000,1.0000,27,10.2863,0.8666,0.5926,8.5163
SHORT 10:15->15:15 if or15=below & gap_fill=up_open,81,22.6378,15.7678,1.9358,0.4938,1.0000,1.0000,1.0000,43,29.0363,2.6696,0.6047,27.2663
LONG 09:30->15:15 if dow=mon & first15=bull_strong,62,19.5973,12.7273,1.9315,0.5968,1.0000,1.0000,1.0000,23,20.3539,2.1058,0.7391,18.5839
SHORT 11:15->15:15 if or15=below & gap_fill=down_open,119,18.6956,11.8256,1.9219,0.5882,1.0000,1.0000,1.0000,51,3.4603,0.4693,0.4314,1.6903
SHORT 10:15->15:15 if gap=up & range_so_far=wide,115,23.0072,16.1372,1.9182,0.5391,1.0000,1.0000,1.0000,47,-11.6729,-1.1058,0.4255,-13.4429
SHORT 09:45->15:15 if vix_regime=low & range_so_far=wide,89,18.5306,11.6606,1.9120,0.5506,1.0000,1.0000,1.0000,73,-11.3875,-1.5131,0.3699,-13.1575
SHORT 10:15->15:15 if prev_clv=mid & or15=below,161,17.6295,10.7595,1.9097,0.5652,1.0000,1.0000,1.0000,86,8.6859,1.2849,0.5698,6.9159
SHORT 09:45->15:15 if vix_regime=low & pclose_to_now=down,119,17.1603,10.2903,1.8936,0.5630,1.0000,1.0000,1.0000,118,-10.8626,-1.9818,0.4068,-12.6326
SHORT 11:15->15:15 if open_to_now=big_down & vs_twap=below,328,13.9304,7.0604,1.8932,0.5305,1.0000,1.0000,1.0000,167,-4.4608,-0.9632,0.4790,-6.2308
SHORT 10:15->15:15 if prev_clv=near_high & pclose_to_now=down,92,24.1125,17.2425,1.8805,0.5870,1.0000,1.0000,1.0000,70,-11.5250,-1.6355,0.4000,-13.2950
SHORT 09:30->15:15 if dow=mon & vs_twap=below,134,22.9105,16.0405,1.8790,0.5224,1.0000,1.0000,1.0000,78,-26.4213,-2.7681,0.3205,-28.1913
SHORT 11:15->15:15 if range_so_far=wide & vs_twap=below,194,18.3138,11.4438,1.8753,0.5309,1.0000,1.0000,1.0000,114,-5.0852,-0.7826,0.4561,-6.8552
LONG 11:15->15:15 if trend20=below & open_to_now=big_up,98,22.7378,15.8678,1.8725,0.6837,1.0000,1.0000,1.0000,62,3.1715,0.4904,0.5645,1.4015
SHORT 10:15->15:15 if dow=mon & open_to_now=down,66,30.3928,23.5228,1.8723,0.5606,1.0000,1.0000,1.0000,34,-12.5966,-1.0816,0.3824,-14.3666
SHORT 10:15->15:15 if pclose_to_now=up & or15=below,69,22.3994,15.5294,1.8710,0.4928,1.0000,1.0000,1.0000,36,26.7918,2.0949,0.5556,25.0218
SHORT 11:15->15:15 if dow=mon & range_so_far=wide,90,24.2001,17.3301,1.8650,0.4667,1.0000,1.0000,1.0000,54,-14.8801,-1.3609,0.4074,-16.6501
SHORT 13:15->15:15 if trend20=below & gap_fill=down_open,93,20.1893,13.3193,1.8623,0.5699,1.0000,1.0000,1.0000,59,-6.1337,-0.9626,0.4576,-7.9037
SHORT 11:15->15:15 if pclose_to_now=down & or30=below,237,14.9909,8.1209,1.8551,0.5443,1.0000,1.0000,1.0000,129,-3.2825,-0.6363,0.4806,-5.0525
SHORT 13:15->15:15 if or30=below & gap_fill=down_open,101,17.5638,10.6938,1.8537,0.5446,1.0000,1.0000,1.0000,55,-4.7797,-0.7890,0.4364,-6.5497
SHORT 13:15->15:15 if prev_day=down & gap_fill=down_open,71,17.7192,10.8492,1.8479,0.6056,1.0000,1.0000,1.0000,47,-4.1361,-0.6566,0.4681,-5.9061
SHORT 10:15->15:15 if gap=down & pclose_to_now=down,92,17.3854,10.5154,1.8367,0.5543,1.0000,1.0000,1.0000,64,-17.9882,-2.3009,0.3750,-19.7582
SHORT 10:15->15:15 if dow=mon & gap_fill=down_open,53,31.8145,24.9445,1.8364,0.5283,1.0000,1.0000,1.0000,37,-17.5405,-1.6267,0.4054,-19.3105
SHORT 09:30->15:15 if dow=thu & pclose_to_now=down,72,27.7016,20.8316,1.8290,0.6250,1.0000,1.0000,1.0000,48,-0.8047,-0.0838,0.4583,-2.5747
SHORT 10:15->15:15 if prev_nr7=yes & pclose_to_now=down,72,18.6209,11.7509,1.8281,0.6111,1.0000,1.0000,1.0000,36,2.5851,0.2214,0.4444,0.8151
SHORT 09:30->15:15 if ret5=up & pclose_to_now=down,182,17.1023,10.2323,1.8244,0.5275,1.0000,1.0000,1.0000,126,-8.4694,-1.7080,0.4206,-10.2394
SHORT 13:15->15:15 if gap_fill=down_open & last30=down,108,17.6057,10.7357,1.8236,0.5648,1.0000,1.0000,1.0000,63,-9.4036,-1.8103,0.4127,-11.1736
SHORT 09:45->15:15 if trend20=above & first15=bear_strong,216,14.3995,7.5295,1.8006,0.5324,1.0000,1.0000,1.0000,100,-6.2410,-1.0789,0.4300,-8.0110
SHORT 11:15->15:15 if trend20=below & gap_fill=down_open,102,22.5881,15.7181,1.7939,0.5490,1.0000,1.0000,1.0000,65,-9.3546,-1.2881,0.3846,-11.1246
SHORT 13:15->15:15 if dow=mon & last30=down,141,16.3309,9.4609,1.7849,0.4965,1.0000,1.0000,1.0000,77,-12.5317,-2.9229,0.3636,-14.3017
SHORT 09:45->15:15 if dow=thu & pclose_to_now=down,76,24.9765,18.1065,1.7724,0.5658,1.0000,1.0000,1.0000,47,2.4550,0.2575,0.5532,0.6850
SHORT 11:15->15:15 if first15=bear_strong & last30=down,199,15.9475,9.0775,1.7613,0.5226,1.0000,1.0000,1.0000,77,-1.6531,-0.2718,0.5455,-3.4231
SHORT 09:45->15:15 if dow=thu & gap_fill=down_open,59,29.0155,22.1455,1.7595,0.6271,1.0000,1.0000,1.0000,39,-0.7785,-0.0770,0.5128,-2.5485
SHORT 10:15->15:15 if prev_clv=mid & open_to_now=down,146,16.5636,9.6936,1.7560,0.5479,1.0000,1.0000,1.0000,78,8.3593,1.2262,0.5769,6.5893
SHORT 11:15->15:15 if pclose_to_now=down & range_so_far=wide,169,18.8703,12.0003,1.7526,0.5385,1.0000,1.0000,1.0000,106,-5.0688,-0.7662,0.4717,-6.8388
SHORT 11:15->15:15 if or30=below & first15=bear_strong,120,18.1760,11.3060,1.7457,0.5750,1.0000,1.0000,1.0000,58,3.9034,0.5564,0.5690,2.1334
SHORT 10:15->15:15 if open_to_now=down & gap_fill=up_open,101,20.9300,14.0600,1.7454,0.5050,1.0000,1.0000,1.0000,61,8.1390,0.9162,0.5246,6.3690
SHORT 09:30->15:15 if gap=flat & pclose_to_now=down,107,20.6247,13.7547,1.7444,0.5421,1.0000,1.0000,1.0000,55,-6.8087,-0.7249,0.4545,-8.5787
SHORT 10:15->15:15 if open_to_now=big_down & or30=inside,157,14.9742,8.1042,1.7269,0.5478,1.0000,1.0000,1.0000,60,-1.2948,-0.1409,0.4333,-3.0648
LONG 10:15->15:15 if dow=mon & first15=bull_strong,62,16.5667,9.6967,1.7250,0.6129,1.0000,1.0000,1.0000,23,4.8167,0.5183,0.6522,3.0467
LONG 11:15->15:15 if gap=big_up & prev_clv=near_low,88,21.8284,14.9584,1.7192,0.5568,1.0000,1.0000,1.0000,47,-11.3760,-0.8741,0.4468,-13.1460
SHORT 11:15->15:15 if dow=mon & gap_fill=down_open,50,29.8232,22.9532,1.7131,0.5200,1.0000,1.0000,1.0000,35,-19.1423,-2.0618,0.2857,-20.9123
SHORT 09:30->15:15 if gap=up & open_to_now=big_down,63,20.7630,13.8930,1.7078,0.5238,1.0000,1.0000,1.0000,28,-20.5928,-2.1801,0.2500,-22.3628
SHORT 11:15->15:15 if prev_nr7=yes & pclose_to_now=down,79,16.1817,9.3117,1.7038,0.5823,1.0000,1.0000,1.0000,39,2.4514,0.2925,0.5128,0.6814
SHORT 09:30->15:15 if prev_clv=near_low & dow=mon,66,21.9956,15.1256,1.7024,0.5606,1.0000,1.0000,1.0000,40,-21.9183,-1.6074,0.4000,-23.6883
SHORT 09:45->15:15 if vix_regime=low & gap_fill=down_open,83,19.0842,12.2142,1.6927,0.5783,1.0000,1.0000,1.0000,83,-8.8576,-1.4092,0.4217,-10.6276
SHORT 09:45->15:15 if dow=mon & open_to_now=flat,50,30.0336,23.1636,1.6903,0.5200,1.0000,1.0000,1.0000,42,-19.7831,-1.7878,0.3571,-21.5531
SHORT 13:15->15:15 if gap=big_down & trend20=below,63,22.1034,15.2334,1.6862,0.5397,1.0000,1.0000,1.0000,51,-7.0881,-0.9629,0.4314,-8.8581
SHORT 09:45->15:15 if first15=bear_strong & vs_twap=above,131,20.8458,13.9758,1.6859,0.5267,1.0000,1.0000,1.0000,57,-2.8199,-0.3010,0.4737,-4.5899
SHORT 11:15->15:15 if prev_clv=near_high & pclose_to_now=down,112,19.8852,13.0152,1.6823,0.5714,1.0000,1.0000,1.0000,75,-3.8055,-0.6152,0.4533,-5.5755
SHORT 09:45->15:15 if gap=down & vs_twap=above,73,22.1267,15.2567,1.6819,0.5479,1.0000,1.0000,1.0000,52,-12.9701,-1.5730,0.4423,-14.7401
SHORT 11:15->15:15 if ret5=down & pclose_to_now=down,206,16.3076,9.4376,1.6724,0.5680,1.0000,1.0000,1.0000,116,-7.0985,-1.1536,0.4397,-8.8685
SHORT 11:15->15:15 if trend20=below & open_to_now=big_down,155,17.6648,10.7948,1.6676,0.5806,1.0000,1.0000,1.0000,82,-1.2093,-0.1569,0.4512,-2.9793
SHORT 11:15->15:15 if vix_regime=high & open_to_now=big_down,129,19.2282,12.3582,1.6583,0.5736,1.0000,1.0000,1.0000,30,-12.0336,-0.7761,0.4000,-13.8036
LONG 09:45->15:15 if dow=mon & first15=bull_strong,62,17.2413,10.3713,1.6491,0.5968,1.0000,1.0000,1.0000,23,12.7646,1.3752,0.6957,10.9946
LONG 09:30->15:15 if trend20=below & first15=bull_strong,78,23.4080,16.5380,1.6483,0.6282,1.0000,1.0000,1.0000,39,-0.5069,-0.0409,0.4872,-2.2769
SHORT 09:30->15:15 if prev_nr7=yes & gap_fill=down_open,50,23.6267,16.7567,1.6366,0.6000,1.0000,1.0000,1.0000,30,7.1187,0.4955,0.4333,5.3487
SHORT 10:15->15:15 if pclose_to_now=down & or30=inside,239,14.6773,7.8073,1.6296,0.5607,1.0000,1.0000,1.0000,128,-9.0482,-1.5777,0.4297,-10.8182
SHORT 09:30->15:15 if prev_clv=mid & pclose_to_now=down,151,18.2148,11.3448,1.6207,0.5232,1.0000,1.0000,1.0000,95,-10.9850,-1.3879,0.4000,-12.7550
SHORT 11:15->15:15 if pclose_to_now=down & vs_twap=below,372,12.4481,5.5781,1.6159,0.5296,1.0000,1.0000,1.0000,191,-4.6202,-1.1409,0.4607,-6.3902
SHORT 09:30->15:15 if prev_day=down & first15=bear_strong,114,23.6328,16.7628,1.6158,0.6228,1.0000,1.0000,1.0000,56,-6.8973,-0.6907,0.4464,-8.6673
SHORT 09:30->15:15 if prev_clv=mid & dow=thu,116,18.8011,11.9311,1.6120,0.5172,1.0000,1.0000,1.0000,49,-6.7287,-0.7272,0.5102,-8.4987
SHORT 09:45->15:15 if prev_day=down & open_to_now=big_down,78,24.8053,17.9353,1.5925,0.5769,1.0000,1.0000,1.0000,31,-13.9801,-1.0347,0.3226,-15.7501
SHORT 11:15->15:15 if open_to_now=flat & first15=bull_weak,76,17.7800,10.9100,1.5922,0.5132,1.0000,1.0000,1.0000,51,-10.5945,-1.3265,0.4314,-12.3645
LONG 13:15->15:15 if prev_day=down & or30=above,135,13.0350,6.1650,1.5904,0.5407,1.0000,1.0000,1.0000,70,-3.5150,-0.7597,0.4714,-5.2850
SHORT 11:15->15:15 if ret5=down & gap_fill=down_open,114,19.8190,12.9490,1.5897,0.5614,1.0000,1.0000,1.0000,64,-1.1540,-0.1479,0.4375,-2.9240
LONG 13:15->15:15 if prev_day=down & or15=above,148,12.5722,5.7022,1.5849,0.5338,1.0000,1.0000,1.0000,75,-4.4434,-0.9282,0.4933,-6.2134
LONG 10:15->15:15 if gap=big_up & prev_clv=near_low,88,21.8848,15.0148,1.5789,0.5909,1.0000,1.0000,1.0000,47,-7.1104,-0.5154,0.5319,-8.8804
SHORT 10:15->15:15 if prev_clv=near_high & gap_fill=down_open,63,26.2218,19.3518,1.5784,0.6032,1.0000,1.0000,1.0000,45,-11.4560,-1.5679,0.4000,-13.2260
SHORT 09:30->15:15 if gap=flat & first15=bear_strong,94,20.2461,13.3761,1.5745,0.5957,1.0000,1.0000,1.0000,40,-8.6062,-0.7726,0.4500,-10.3762
SHORT 11:15->15:15 if trend20=below & pclose_to_now=down,189,16.5478,9.6778,1.5727,0.5503,1.0000,1.0000,1.0000,116,-8.8350,-1.5226,0.4138,-10.6050
SHORT 09:30->15:15 if dow=mon & gap_fill=down_open,60,30.9621,24.0921,1.5707,0.5167,1.0000,1.0000,1.0000,40,-18.4428,-1.5461,0.4000,-20.2128
SHORT 09:45->15:15 if dow=mon & gap_fill=down_open,58,30.0065,23.1365,1.5690,0.5000,1.0000,1.0000,1.0000,40,-14.9313,-1.3660,0.4000,-16.7013
SHORT 09:45->15:15 if prev_clv=near_high & vix_regime=high,131,19.3304,12.4604,1.5678,0.4962,1.0000,1.0000,1.0000,56,1.6921,0.1943,0.4821,-0.0779
SHORT 11:15->15:15 if open_to_now=big_down,374,12.2806,5.4106,1.5620,0.5267,1.0000,1.0000,1.0000,194,-4.8504,-1.1188,0.4536,-6.6204
SHORT 09:30->15:15 if vix_regime=low & open_to_now=big_down,69,17.6295,10.7595,1.5568,0.5652,1.0000,1.0000,1.0000,66,-16.6865,-2.2344,0.3333,-18.4565
SHORT 09:45->15:15 if prev_day=down & gap_fill=down_open,93,19.0133,12.1433,1.5563,0.6237,1.0000,1.0000,1.0000,68,-2.4516,-0.2858,0.4853,-4.2216
SHORT 10:15->15:15 if dow=thu & open_to_now=big_down,62,22.5462,15.6762,1.5548,0.5645,1.0000,1.0000,1.0000,29,-0.4860,-0.0457,0.5862,-2.2560
SHORT 10:15->15:15 if prev_day=up & dow=thu,107,17.8578,10.9878,1.5548,0.5140,1.0000,1.0000,1.0000,54,-0.3032,-0.0433,0.5000,-2.0732
SHORT 13:15->15:15 if dow=mon & open_to_now=big_down,90,17.9344,11.0644,1.5502,0.5444,1.0000,1.0000,1.0000,41,-5.9073,-0.7029,0.5122,-7.6773
SHORT 10:15->15:15 if dow=mon & last30=down,138,17.7207,10.8507,1.5480,0.5145,1.0000,1.0000,1.0000,69,-9.0934,-1.1381,0.3768,-10.8634
SHORT 09:30->15:15 if gap=up & first15=bear_strong,131,19.1392,12.2692,1.5479,0.5038,1.0000,1.0000,1.0000,48,-11.4409,-1.5632,0.3750,-13.2109
SHORT 10:15->15:15 if dow=wed & or30=above,60,22.8373,15.9673,1.5469,0.5000,1.0000,1.0000,1.0000,33,-13.7224,-1.4702,0.3636,-15.4924
SHORT 13:15->15:15 if or15=below & gap_fill=down_open,126,14.6350,7.7650,1.5464,0.5317,1.0000,1.0000,1.0000,61,-7.0604,-1.2502,0.4098,-8.8304
SHORT 11:15->15:15 if trend20=above & first15=bear_strong,216,12.5478,5.6778,1.5374,0.5046,1.0000,1.0000,1.0000,100,-9.0180,-1.9590,0.4500,-10.7880
SHORT 10:15->15:15 if vix_regime=low & range_so_far=wide,94,15.1505,8.2805,1.5372,0.6064,1.0000,1.0000,1.0000,73,-13.8245,-2.0720,0.3836,-15.5945
SHORT 13:15->15:15 if gap=big_down & ret5=down,67,21.0264,14.1564,1.5355,0.5522,1.0000,1.0000,1.0000,54,-7.8189,-1.1292,0.3889,-9.5889
SHORT 09:30->15:15 if ret5=up & gap_fill=down_filled,76,18.1890,11.3190,1.5340,0.5132,1.0000,1.0000,1.0000,54,-14.9653,-2.0185,0.3519,-16.7353
SHORT 11:15->15:15 if or15=inside & first15=bear_strong,140,16.1224,9.2524,1.5334,0.5214,1.0000,1.0000,1.0000,63,-7.6745,-1.4502,0.4762,-9.4445
SHORT 10:15->15:15 if prev_inside=yes & last30=down,57,22.9503,16.0803,1.5264,0.5263,1.0000,1.0000,1.0000,37,4.2462,0.3522,0.3514,2.4762
SHORT 09:45->15:15 if prev_clv=mid & dow=thu,116,18.2724,11.4024,1.5253,0.5259,1.0000,1.0000,1.0000,49,-5.7565,-0.6568,0.5306,-7.5265
SHORT 11:15->15:15 if gap_fill=down_open & range_so_far=wide,72,25.2558,18.3858,1.5248,0.5417,1.0000,1.0000,1.0000,42,6.1796,0.5810,0.4524,4.4096
SHORT 10:15->15:15 if first15=bear_strong & vs_twap=above,159,16.3867,9.5167,1.5228,0.4843,1.0000,1.0000,1.0000,71,-6.0909,-0.8075,0.4507,-7.8609
SHORT 10:15->15:15 if gap=up & first15=bear_strong,131,18.8138,11.9438,1.5156,0.5115,1.0000,1.0000,1.0000,48,-8.7705,-1.1341,0.4375,-10.5405
LONG 11:15->15:15 if prev_clv=near_low & pclose_to_now=flat,89,18.6784,11.8084,1.5124,0.5281,1.0000,1.0000,1.0000,37,-25.0736,-2.2307,0.4054,-26.8436
LONG 09:45->15:15 if gap=big_up & prev_clv=near_low,88,20.9133,14.0433,1.5114,0.5455,1.0000,1.0000,1.0000,47,-8.0141,-0.5327,0.5106,-9.7841
SHORT 09:45->15:15 if ret5=up & expiry=weekly,58,22.2491,15.3791,1.5040,0.5690,1.0000,1.0000,1.0000,93,-3.5791,-0.6651,0.4624,-5.3491
SHORT 09:45->15:15 if gap=up & range_so_far=wide,103,21.4073,14.5373,1.5007,0.4951,1.0000,1.0000,1.0000,43,-16.4279,-1.8500,0.3023,-18.1979
SHORT 11:15->15:15 if gap=flat & first15=bear_strong,94,15.0616,8.1916,1.4936,0.5638,1.0000,1.0000,1.0000,40,-9.4200,-1.1038,0.5250,-11.1900
SHORT 11:15->15:15 if prev_clv=near_low & dow=mon,66,18.0130,11.1430,1.4892,0.5758,1.0000,1.0000,1.0000,40,-12.9473,-1.0851,0.4000,-14.7173
SHORT 13:15->15:15 if dow=thu & range_so_far=wide,61,18.7102,11.8402,1.4827,0.4918,1.0000,1.0000,1.0000,39,-7.6721,-0.9270,0.3846,-9.4421
SHORT 09:30->15:15 if pclose_to_now=down & vs_twap=below,224,20.0051,13.1351,1.4786,0.5670,1.0000,1.0000,1.0000,145,-10.1202,-1.6455,0.4138,-11.8902
SHORT 09:30->15:15 if prev_inside=yes & trend20=above,83,18.0051,11.1351,1.4746,0.5422,1.0000,1.0000,1.0000,36,5.3787,0.6262,0.5000,3.6087
SHORT 10:15->15:15 if prev_clv=near_high & or30=above,79,18.0193,11.1493,1.4742,0.4684,1.0000,1.0000,1.0000,56,-8.5817,-1.2991,0.3929,-10.3517
SHORT 11:15->15:15 if ret5=down & open_to_now=big_down,166,15.6695,8.7995,1.4696,0.5783,1.0000,1.0000,1.0000,92,2.2796,0.3062,0.4674,0.5096
SHORT 10:15->15:15 if prev_clv=near_low & dow=mon,66,18.2306,11.3606,1.4659,0.5606,1.0000,1.0000,1.0000,40,-14.9007,-1.2373,0.4000,-16.6707
SHORT 09:45->15:15 if ret5=up & first15=bear_strong,198,13.8175,6.9475,1.4631,0.5202,1.0000,1.0000,1.0000,90,-12.3833,-2.1822,0.4333,-14.1533
SHORT 11:15->15:15 if prev_day=down & or15=below,153,15.1585,8.2885,1.4617,0.5359,1.0000,1.0000,1.0000,89,1.8636,0.2394,0.4944,0.0936
SHORT 09:45->15:15 if prev_clv=near_high & vs_twap=below,214,14.0660,7.1960,1.4613,0.5047,1.0000,1.0000,1.0000,135,-7.3185,-1.4094,0.4222,-9.0885
LONG 13:15->15:15 if prev_clv=mid & or15=above,178,10.7935,3.9235,1.4568,0.5225,1.0000,1.0000,1.0000,118,-4.1224,-1.1331,0.4915,-5.8924
SHORT 10:15->15:15 if ret5=up & expiry=weekly,58,21.6593,14.7893,1.4553,0.5172,1.0000,1.0000,1.0000,93,-2.9547,-0.6013,0.4839,-4.7247
LONG 09:30->10:30 if prev_day=big_down & first15=bear_strong,54,24.9782,18.1082,1.4541,0.5185,1.0000,1.0000,1.0000,22,-5.0627,-0.5413,0.4091,-6.8327
SHORT 11:15->15:15 if dow=thu & range_so_far=wide,57,21.5412,14.6712,1.4539,0.5614,1.0000,1.0000,1.0000,36,-0.9463,-0.0770,0.5000,-2.7163
SHORT 11:15->15:15 if gap_fill=down_open & vs_twap=below,161,14.7553,7.8853,1.4538,0.5839,1.0000,1.0000,1.0000,77,-0.4866,-0.0843,0.3896,-2.2566
SHORT 11:15->15:15 if or30=below & vs_twap=below,362,11.8358,4.9658,1.4523,0.5000,1.0000,1.0000,1.0000,200,-1.0527,-0.2483,0.4700,-2.8227
LONG 11:15->15:15 if gap=big_up & dow=tue,66,20.3628,13.4928,1.4473,0.5606,1.0000,1.0000,1.0000,49,0.2708,0.0368,0.4694,-1.4992
SHORT 09:30->15:15 if gap=flat & gap_fill=down_open,66,20.4625,13.5925,1.4427,0.5455,1.0000,1.0000,1.0000,17,5.1084,0.3372,0.4706,3.3384
SHORT 10:15->15:15 if prev_day=down & gap_fill=down_open,86,18.1911,11.3211,1.4417,0.5814,1.0000,1.0000,1.0000,65,-7.9778,-0.9630,0.4462,-9.7478
SHORT 10:15->15:15 if prev_clv=mid & last30=down,292,12.7523,5.8823,1.4408,0.5274,1.0000,1.0000,1.0000,144,0.5257,0.0983,0.4931,-1.2443
LONG 11:15->15:15 if vix_regime=high & open_to_now=up,86,23.2190,16.3490,1.4398,0.5698,1.0000,1.0000,1.0000,41,-12.3814,-1.0423,0.4146,-14.1514
SHORT 10:15->15:15 if prev_clv=near_high & open_to_now=down,103,17.8651,10.9951,1.4390,0.4854,1.0000,1.0000,1.0000,75,0.0343,0.0053,0.4533,-1.7357
SHORT 10:15->15:15 if prev_day=big_up & ret5=down,60,23.1505,16.2805,1.4387,0.5000,1.0000,1.0000,1.0000,32,-14.5481,-1.2917,0.5000,-16.3181
SHORT 09:30->15:15 if trend20=above & open_to_now=big_down,98,16.4450,9.5750,1.4386,0.5714,1.0000,1.0000,1.0000,56,-5.3583,-0.6646,0.3750,-7.1283
SHORT 09:45->15:15 if dow=mon & first15=bear_strong,84,19.1119,12.2419,1.4372,0.5476,1.0000,1.0000,1.0000,35,-23.4648,-1.8660,0.3143,-25.2348
SHORT 11:15->15:15 if gap=down & prev_clv=near_low,52,21.1240,14.2540,1.4358,0.5962,1.0000,1.0000,1.0000,24,-7.1764,-0.6716,0.3750,-8.9464
SHORT 10:15->15:15 if dow=thu & gap_fill=down_open,55,24.2313,17.3613,1.4328,0.6000,1.0000,1.0000,1.0000,35,2.4609,0.2338,0.5143,0.6909
SHORT 09:45->15:15 if vix_regime=low & open_to_now=big_down,92,13.9964,7.1264,1.4249,0.5435,1.0000,1.0000,1.0000,70,-19.2270,-2.7598,0.3429,-20.9970
SHORT 09:30->15:15 if prev_day=up & ret5=up,370,11.6199,4.7499,1.4230,0.4811,1.0000,1.0000,1.0000,201,-5.4152,-1.4475,0.4179,-7.1852
SHORT 11:15->15:15 if prev_day=down & first15=bear_strong,114,18.0110,11.1410,1.4209,0.6140,1.0000,1.0000,1.0000,56,-12.1882,-1.4923,0.4821,-13.9582
SHORT 09:45->15:15 if gap=flat & open_to_now=big_down,50,22.9354,16.0654,1.4162,0.6200,1.0000,1.0000,1.0000,30,-5.8291,-0.4701,0.5667,-7.5991
SHORT 10:15->15:15 if dow=thu & vs_twap=below,143,14.4398,7.5698,1.4151,0.5315,1.0000,1.0000,1.0000,82,2.4992,0.3526,0.5122,0.7292
SHORT 09:30->15:15 if pclose_to_now=down & first15=bear_strong,181,21.2669,14.3969,1.4136,0.5856,1.0000,1.0000,1.0000,91,-10.3012,-1.3187,0.4066,-12.0712
SHORT 13:15->15:15 if vix_regime=high & open_to_now=flat,68,20.5536,13.6836,1.4118,0.5147,1.0000,1.0000,1.0000,29,-4.7878,-0.4405,0.3448,-6.5578
SHORT 11:15->15:15 if prev_clv=near_high & vix_regime=high,131,16.4439,9.5739,1.4114,0.4885,1.0000,1.0000,1.0000,56,3.6119,0.4924,0.4643,1.8419
