Date,days,overnight_cum_pct,intraday_cum_pct,overnight_var_share,median_abs_gap_bps,median_range_bps,median_abs_open_to_close_bps,avg_india_vix,cost_as_pct_of_median_range
2012,215,10.4722,-5.2948,0.3017,29.3344,102.8288,42.8144,,6.6810
2013,249,23.7955,-17.2588,0.2299,29.7765,112.8947,53.0660,,6.0853
2014,242,27.8216,-0.5232,0.2229,21.6302,95.5796,42.4283,15.1331,7.1877
2015,239,26.7643,-30.9099,0.2696,27.3157,108.4635,52.4200,17.6075,6.3339
2016,245,25.4665,-22.4977,0.4109,26.7995,95.9439,47.4947,16.6029,7.1604
2017,248,40.3688,-15.1794,0.3000,21.9195,67.7546,30.9414,12.6221,10.1395
2018,246,22.9645,-19.8618,0.4148,27.9454,84.2598,43.0590,15.0753,8.1534
2019,244,35.8233,-24.4708,0.1790,21.9029,98.0189,45.2540,16.5382,7.0089
2020,250,43.9059,-30.0152,0.4333,48.9088,127.8617,54.8345,26.8174,5.3730
2021,248,45.9010,-24.2937,0.2703,34.5525,104.6863,42.8716,17.9826,6.5625
2022,248,7.1218,-2.8839,0.4693,45.7570,110.0901,49.3429,19.3244,6.2403
2023,246,31.2650,-13.0097,0.2843,22.6405,72.6440,34.2235,12.4455,9.4571
2024,249,24.4933,-16.0548,0.2724,24.5430,85.6269,36.2419,14.6696,8.0232
2025,249,8.7350,1.2576,0.4911,17.4305,81.1816,37.4180,13.3784,8.4625
2026,182,-0.8140,-11.3345,0.6550,27.6001,85.1152,37.8528,14.9407,8.0714
